id,full_name,salary
1,Brok Haggath,1106
2,Louis Picheford,1067
3,Felicity Whipp,1002
4,Conway Wilshaw,3016
5,Kipper Aberkirdo,982
6,Smith Hurdwell,3022
7,Kiley Chalfont,3760
8,Sherlocke Westman,1736
9,Tobin Beauvais,3952
10,Carly Ciric,2912
11,Ron Salamon,3539
12,Maye Eastridge,2840
13,Lanna Cornehl,1528
14,Donal Eyes,2723
15,Jennifer Noon,3688
16,Arliene Breeze,2949
17,Christal Fishpond,785
18,Zarah Aubery,3395
19,Farand Sackur,1933
20,Giuditta Bonwell,3126
21,Sutton Dearsley,2342
22,Gilbertina MacPhee,1023
23,Ahmed Cerie,741
24,Delinda Stienton,1239
25,Hieronymus Wastell,2471
26,Evin Finley,3834
27,Mayne Please,3096
28,Richart Freda,1611
29,Abdel Smoughton,1688
30,Zandra Stopford,2375
31,Tory Bonicelli,3630
32,Timofei Fitzpayn,2701
33,Ulysses Kidston,3085
34,Audra Duer,1554
35,Georgette Monsey,3252
36,Kilian Kalinsky,3039
37,Davy Lorenzetti,3643
38,Meier Hobben,3437
39,Mata Wainman,2683
40,Obidiah Cullinan,3615
41,Randi Heathcoat,2254
42,Callida Milton-White,1069
43,Candie Kale,960
44,Carson Butner,3183
45,Sigismondo Brownsall,3660
46,Felice Lawler,3048
47,Ginger Walden,1185
48,Perl Mallatratt,3352
49,Clayborne Blackader,1336
50,Dominga Rizzolo,2494
51,Yolanthe Watterson,2071
52,Garrick Joicey,857
53,Christiano Labet,3324
54,Lanie Cleever,904
55,Raviv Lawlings,1532
56,Carmine McIlwain,898
57,Andris Saylor,3778
58,Franni Ritchley,2265
59,Roberto Monson,1773
60,Leena Ellesmere,2120
61,Melicent Ilive,2197
62,Ruttger Overell,1355
63,Arden Eliot,3794
64,Welch Adenot,2706
65,Jehanna Brayshay,1343
66,Janey Ebhardt,1050
67,Sylvia Calcraft,3461
68,Dee dee Pitkeathly,1683
69,Elwyn Potteridge,3952
70,Lorelei Pietrowicz,889
71,Bronson Bidewel,2755
72,Cash Cobbe,3623
73,Isaiah Castelot,1991
74,Millie Cadwaladr,1802
75,Jania Mulcahy,1143
76,Michal Wordley,1769
77,Mirabel Brisson,1943
78,Gabi Spencers,3535
79,Judith Forton,1280
80,Staford Grollmann,2975
81,Nicolette Gilkison,1302
82,Saba Quigley,2135
83,Amelie Morrison,3850
84,Miriam de Vaen,831
85,Barbara Flewitt,3907
86,Andie Scholtz,2119
87,Linell Priditt,2828
88,Mariele Klageman,2659
89,Diahann Laborde,3182
90,Margette Castellino,3110
91,Linoel Bastin,3114
92,Derron Laherty,1625
93,Krispin Wigzell,3212
94,Pauly Hardern,3644
95,Kris Georgeot,1543
96,Latisha Sherlaw,2446
97,Sauncho Lantaph,1162
98,Rockey Campany,3553
99,Orel Causnett,3709
100,Cullan Megson,3796
101,Jedidiah Ingledow,2636
102,Camella Hartshorn,922
103,Wandie Wellwood,3605
104,Angelia Swaine,1025
105,Zia Fountian,1803
106,Kimberli Conibere,2980
107,Giovanni Courtese,2788
108,Linoel Cousans,2111
109,Appolonia Wilkie,2221
110,Fey Scohier,2850
111,Elsy Stonner,2460
112,Elora Smerdon,3932
113,Olenolin Wilne,966
114,Mack Mulqueeny,3490
115,Tammie Brosi,1669
116,Rozalie McGuiney,1465
117,Suzette Greatorex,3243
118,Janaye Obbard,3200
119,Fabien Payler,2996
120,Nerita Garbutt,1710
121,Ulla Shrubsall,2108
122,Phillie Satchell,1570
123,Letta Bannister,2606
124,Norrie Nijssen,2796
125,Gwenni Guillerman,3839
126,Les Baber,2656
127,Adelind Tankus,1372
128,Aurora Ghest,2477
129,Lyndsey Sayburn,3100
130,Cherish Provis,3513
131,Ericka Crowson,3267
132,Emera Arndt,2072
133,Theodoric Ault,2792
134,Viviene Mably,3672
135,Mamie Grestie,3652
136,Collen Brimson,3965
137,Biddy Bucklee,1159
138,Tommie Conyers,2703
139,Francisca Perone,1213
140,Grover Mc Cahey,3369
141,Siffre Caven,2479
142,Mala Nelmes,3876
143,Rolfe Physick,2189
144,Jeanne Tofts,3532
145,Ottilie Jaggi,3005
146,Irvine Yanez,3031
147,Estella Tweedell,3141
148,Carola Ellaman,3099
149,Beauregard Camilio,1311
150,Eric Lydiard,2287
151,Layton De la Yglesias,3705
152,Roanne Beckers,1880
153,Chandal Maryet,1889
154,Viviene Helleckas,2174
155,Hort Buttle,1888
156,Bernie Hexter,2760
157,Rainer Truelock,3321
158,Fifi Densumbe,2994
159,Ancell Mulloch,3399
160,York Lorentz,1592
161,Christoforo Dedham,2194
162,Antonella Mendes,1055
163,Di Loveland,3684
164,Rafaellle Wakeham,1088
165,Flynn Milmith,1525
166,Amelie Shivell,3326
167,Alleyn Muldrew,1688
168,Susanne Shutte,1525
169,Daisi Allingham,2730
170,Sophronia Heald,3925
171,Sauncho Carding,3648
172,Malvina Purvey,2176
173,Hunter Padmore,3316
174,Rori Handmore,1309
175,Jeromy Muck,1318
176,Darlene Durrant,2937
177,Kelby Lehr,2035
178,Audi Jaycox,910
179,Teodoro Jehan,1098
180,Kathe Whittington,3142
181,Joell Mardling,1912
182,Daphene Jaulme,2122
183,Stacee Hendrix,2846
184,Natassia Attfield,3081
185,Ajay Godrich,3044
186,Alene Freeland,1362
187,Camey Danielski,784
188,Lou Dunbavin,2456
189,Matias Bellamy,1479
190,Magnum Gullifant,878
191,Brenda Becaris,3132
192,Jodie Adamov,2916
193,Lelia McDool,3385
194,Jaye Parram,3587
195,Anthia MacAlpine,3102
196,Kally Marginson,3322
197,Babara McQuaker,2442
198,Stella McShea,1185
199,Andee Chatelain,3422
200,Karalynn Praill,2826
201,Halli Beazleigh,2010
202,Dorine Rands,3403
203,Nicolais Crosston,753
204,Rosalia Bate,2023
205,Lek Deamer,2826
206,Walker Smaling,2296
207,Steward Housen,3619
208,Arvy Sympson,3574
209,Debee Roscrigg,1459
210,Hettie Humbie,3983
211,Laird Borrott,1506
212,Ynez Ashe,3597
213,Tuckie Mitchely,2144
214,Missy Crolla,2367
215,Merrel Buxey,3281
216,Orbadiah Kamen,1899
217,Lalo Tangye,1553
218,Antoni Malamore,3023
219,Zabrina Heynel,2946
220,Tiffany Tadd,1363
221,Gilburt Bourget,3479
222,Bradford Ruoff,2833
223,Cosme Hickeringill,2498
224,Rolando Fieller,1890
225,Lucille McDarmid,2940
226,Glenden Gorman,2003
227,Agata Assandri,1082
228,Fredra Loidl,3972
229,Lila Quelch,3425
230,Anderea Piscot,1635
231,Tibold Beig,1873
232,Sigrid Lidgerton,2787
233,Perice Crampsey,3206
234,Olympia Poyle,3338
235,Evania Foulks,2693
236,Bendick Lease,882
237,Siusan Boutellier,1791
238,Chaunce Keller,2186
239,Alexine Pawlata,966
240,Clifford Burrass,2343
241,Norene Mannock,3003
242,Estele Wain,3450
243,Sigismundo Dunsmuir,2493
244,Otes Bernocchi,3473
245,Corrianne Wittering,1273
246,Yancey Labden,3905
247,Torin Emma,1127
248,Milo Seilmann,1629
249,Wood Baston,2250
250,Priscilla MacAvddy,2931
251,Salvador Fetherstone,2838
252,Tish Casement,2131
253,Stafani Saipy,1519
254,Rudyard Tuplin,3835
255,Doy Treslove,3187
256,Hillary Mingardi,3598
257,Dur Stit,1512
258,Dewey Bailes,3816
259,Gian Olivello,1693
260,Michal Cabrer,3507
261,Basile Molohan,3794
262,Pammy Kordovani,3005
263,Maxie Annatt,1557
264,Britt McSherry,3864
265,Abby Hachette,3963
266,Roscoe Biskupski,3819
267,Wes Haime,2888
268,Meier McAlroy,1139
269,Gabbi Guillot,952
270,Else Markson,1002
271,Ulrick Kingh,3055
272,Elyse Merwede,1760
273,Honey Agglio,2346
274,Dimitri Kryszkiecicz,2253
275,Barry Ferriday,714
276,Arne Wrightson,1834
277,Hank Mucillo,1714
278,Leicester Yglesia,2877
279,Markus Chardin,2189
280,Valene Pickburn,3589
281,Thatcher Jodlkowski,2534
282,Flemming Oldacre,2527
283,Simmonds Hully,2340
284,Dev McCunn,3738
285,Kissie Pendrich,948
286,Edin Cheke,2200
287,Torrance Piotrkowski,1446
288,Mitzi Nutton,1476
289,Sonnie Cash,1026
290,Paul Hannaby,2255
291,Reinwald Engeham,1758
292,Jeffry Benkin,1426
293,Gretchen Sture,1721
294,Berkley Saladin,3932
295,Billye Brackpool,1344
296,Danell Morales,2559
297,Pascal Yezafovich,1550
298,Chase Waitland,1802
299,Reagan Cranny,1882
300,Zilvia Ferens,933
301,Trude Babbidge,2487
302,Galvan Starie,1636
303,Annmarie Champkin,2148
304,Torre Messam,1863
305,Cornelia Scholar,3795
306,Tatum Slyme,3362
307,Maressa Rodenborch,1621
308,Dav Vakhrushev,3357
309,Gregg Feake,3310
310,Lisette Southerton,804
311,Ethe Heustice,2429
312,Windy MacCorley,2432
313,Auberon Brooker,3763
314,Shelagh Tattershaw,788
315,Yorgo Turk,1461
316,Erda De Rye Barrett,1059
317,Margaretha Forder,3643
318,Dixie Oxenham,1105
319,Bellanca Denk,1222
320,Sollie Vertigan,2615
321,Riordan Suero,3122
322,Ximenes Leadbitter,3342
323,Quintana O'Cuddie,1720
324,Bren Fishly,1677
325,Bertie Westley,3815
326,Bartie Loncaster,3979
327,Loraine Spier,2497
328,Kristine Bonniface,3337
329,Elianora Tee,3544
330,Filide Goforth,3544
331,Joella Guisot,2495
332,Rich Burstow,2003
333,Valentina Jakoub,1200
334,Coralie Ord,1595
335,Marcile McKeand,2201
336,Gaston Jubb,2180
337,Nonnah Wardhaugh,981
338,Kennett Glas,1532
339,Vernice Kobiela,2552
340,Bonnee Barge,1556
341,Bili Boorman,1989
342,Bentley Grain,1555
343,Clarke Tythe,2356
344,Aleda Sandry,2424
345,Avigdor Boggers,727
346,Constantin Rissom,1909
347,Augusto Haxby,2487
348,Brittni Yendall,1798
349,Hy Parzizek,3044
350,Marketa Lissaman,3810
351,Isaak McGrath,1700
352,Pepe Malkinson,2625
353,Dru Rawcliff,2842
354,Elizabet Darwen,1708
355,Lowrance Grindley,3546
356,Tucker Pena,1391
357,Annemarie De Banke,2470
358,Sharline Devin,870
359,Rutherford Naismith,2371
360,Stefa Pilcher,3317
361,Christopher Stamps,1905
362,Briant Gillinghams,2680
363,Gabby Gheeraert,3509
364,Gustaf Pattingson,3493
365,Lazarus Devita,1591
366,Priscella Hart,3326
367,Ami Haithwaite,1524
368,Gary Drury,1201
369,Arvie Brennans,3708
370,Carlin Kares,2587
371,Arabel Ales,1875
372,Garrott Hachette,3913
373,Ottilie O'Carroll,2403
374,Wendie Bartoleyn,3383
375,Scot Turmell,1969
376,Weston Elldred,1905
377,Diannne Mackiewicz,990
378,Lesya Caddy,3240
379,Lolita Allsopp,1419
380,Mabelle Bettison,3598
381,Rosemary Osment,3658
382,Ermanno Hurley,2651
383,Zelma Cumberbatch,3455
384,Skippie Gouth,1931
385,Lenee Caulket,995
386,Rosabella Ovitz,3607
387,Cariotta Fraine,1721
388,Carl Flowitt,1351
389,Cassondra Walshaw,1003
390,Myer Messenger,2594
391,Finlay Ferrierio,1328
392,Seline Dachs,3387
393,Justen Rraundl,3052
394,Andee Silverthorne,988
395,Kerry Gagie,2798
396,Branden Gatrell,3299
397,Rivi Hopkins,2042
398,Koressa O' Connell,2965
399,Tiebold Dossetter,2527
400,Sander Shovelin,1295
401,Marlo Rayer,3963
402,Muhammad Kinzett,3909
403,Anthia Toppas,3408
404,Lissa Faulkner,3117
405,Doug Mower,3348
406,Guinna Ponten,2910
407,Jaquelin McGonigle,1938
408,Jarvis Penas,3081
409,Steffi Maffeo,999
410,Catlaina Hasty,3832
411,Ellis Kanzler,2198
412,Ursula Elvish,1482
413,Jerad Pothecary,3726
414,Darius Overell,2136
415,Erroll Tiler,1875
416,Mufi Georgeau,1078
417,Marylin Marlow,2466
418,Raeann Achurch,1703
419,Tessie Aldwinckle,3000
420,Teresina Scripps,3078
421,Elissa Stutt,3911
422,Maud Buttler,3546
423,Channa Yitzhak,2762
424,Alyssa Collibear,1162
425,Jacky Brahmer,856
426,Geoffrey Faivre,3214
427,Delphinia Charlesworth,3162
428,Moritz McLoney,1156
429,Corrie Torricina,2104
430,Lindon Hilley,3415
431,Tootsie Cresser,2186
432,Nigel Scarrott,2624
433,Granville Dixcee,879
434,Drona Amoss,2430
435,Tove Blowes,2638
436,Clay Aslum,1391
437,Joni Mc Pake,830
438,Emmalee Pail,3077
439,Porter Proback,2519
440,Dilly Bech,1329
441,Herculie Reinisch,2029
442,Sherlock McLemon,2355
443,Craig Cramphorn,3887
444,Rockwell Caffin,3074
445,Kendre Leyzell,1811
446,Corrie Sappell,3415
447,Leela O'Henery,2416
448,Gale Poulden,2921
449,Horatius Pendrich,1046
450,Benedict Grabbam,1311
451,Nixie Kilfoyle,2505
452,Donnie Fogg,3184
453,Clarke Cissell,2467
454,Mathilde Vater,2449
455,Jo-anne Thoma,3712
456,Jennica Rubberts,1461
457,Husein Sharkey,1021
458,Kaylyn Mart,1671
459,Bethena Broom,1568
460,Brittney Huot,2962
461,Karee Dyde,3791
462,Bertie Stoke,3567
463,Georgena Corrison,3818
464,Purcell Lysons,3301
465,Shayne Anthoin,3786
466,Hazlett Giacomuzzi,993
467,Aurelie Gumey,880
468,Zackariah Dellatorre,1261
469,Delphinia Bacchus,1771
470,Sharon Jalland,1301
471,Hadleigh Bowkett,1889
472,Aeriel McCallum,1209
473,Demetris Harrower,852
474,Stanislaus Goodsal,1456
475,Jana Broderick,2302
476,Saundra Heberden,1963
477,Raffarty Wait,734
478,Agnella Ibotson,2200
479,Melicent Gatherell,2551
480,Shadow Oger,3280
481,Vickie Dallmann,3725
482,Melicent Gully,3803
483,Kit Ablitt,1522
484,Bret Rubinsky,999
485,Demetrius Boniface,2956
486,Zebadiah Quaintance,3501
487,Margarita Zorn,2214
488,Loni Hannis,2942
489,Kaia Buterton,2552
490,Patrice Lowman,2216
491,Alana Fishby,2097
492,Weylin Ludl,971
493,Regine Creyke,2160
494,Julius Halwood,3480
495,Kala Wreiford,2533
496,Lars Sambles,1763
497,Lloyd Casiroli,3976
498,Wilmer Cammack,1749
499,Cherianne Jarman,1985
500,Burk Challiss,2793
501,Regen Colling,2241
502,Corene Pinfold,3861
503,Nissie Bawcock,3039
504,Laetitia Tearle,2919
505,Anthia Romeuf,1418
506,Flss Pancoast,3595
507,Asa de Courcey,3754
508,Elisabeth Wittier,3266
509,Philomena Hansford,1832
510,Row Illem,3948
511,Stephan Thorwarth,3452
512,Gustave Jillitt,1717
513,Fonsie Sloat,2460
514,Serge Biasioni,1470
515,Myrtie Berks,1727
516,Dyana Burtwhistle,1723
517,Mellicent Howarth,2099
518,Lorens Fritzer,3451
519,Engracia Vockins,2314
520,Kimmy Simonel,2951
521,Risa Baiss,1930
522,Yasmeen Jeannel,3709
523,Sayres Forryan,3413
524,Adriena Crowne,1040
525,Darci Mattacks,3888
526,Ardyce Fetters,1334
527,Granny Hazelby,1154
528,Shani Glozman,3430
529,Lurline Penylton,2611
530,Delmore Courcey,795
531,Domenic Boynes,3482
532,Damian Brando,1836
533,Petunia Penrith,2479
534,Elysee Cardenosa,1627
535,Lanni Barnsley,1029
536,Pip Cruess,3241
537,Isahella Extill,1010
538,Natale Sheehan,1668
539,Stacey Woofenden,918
540,Judy MacTerlagh,1547
541,Gonzalo Newburn,1554
542,Pavla Jewell,2061
543,Lonny Lorand,2161
544,Ardelle Boutton,3948
545,Birch Galpin,2818
546,Carlotta Pfertner,3495
547,Corie Fearne,3346
548,Micah Hamner,3233
549,Paddie Downage,2995
550,Guntar McMurty,900
551,Jarrod Tremeer,2309
552,Junie Spikeings,3236
553,Maurits Guidotti,2362
554,Bartel Garth,2742
555,Alecia Habbergham,3958
556,Courtney Hammon,1000
557,Inger Wadley,1078
558,Jacob MacPeice,1368
559,Anna-diane Copping,1757
560,Florri Collingworth,1064
561,Rozanna Gruszecki,3634
562,Clarey Pinnocke,2739
563,Alvy Nunan,2043
564,Price MacDaid,2894
565,Gibby Southwell,1182
566,Casi Guiraud,1886
567,Jacklyn Windows,2943
568,Allix Oakenford,2017
569,Enid Wiffield,1858
570,Aldus Weston,2510
571,Meade Aburrow,3531
572,Paddie Fennelow,3067
573,Ruby Petley,1733
574,Hazlett Beadles,2678
575,Julietta MacCombe,766
576,Vida Glidden,1697
577,Malva Arnault,2440
578,Angus Di Carli,1415
579,Jerrine Franken,981
580,Pauline Jozsef,1764
581,Marshal Ralph,3268
582,Berte Done,2332
583,Etty Gerrets,2712
584,Gwenneth Kanzler,3458
585,Latashia Fishley,2984
586,Galina Grasha,2182
587,Nina Lorincz,3669
588,Annabella Emm,3970
589,Arden Pollastrone,2434
590,Ced Gorden,2921
591,Issiah Fritchly,916
592,Christie Schwandner,2534
593,Layla Coneau,2468
594,Nickey Rolinson,2296
595,Harcourt Gertz,3527
596,Giorgio Dessaur,2262
597,Harri Daymont,773
598,Ethelin Maccree,2943
599,Dame Bonsey,2853
600,Elita Hallard,2426
601,Jacenta Graveney,1267
602,Carl Garm,3906
603,Margalit Mildner,2049
604,Greta Tumielli,2801
605,Clint Umpleby,3547
606,Maureen Ferne,838
607,Roger Heatly,759
608,Kristoforo Ambrodi,3726
609,Taryn Bang,2777
610,Gae Tomley,2089
611,Glynnis Groomebridge,1799
612,Tootsie Januszewski,3757
613,Erminie Battell,2111
614,Beaufort Bamell,1109
615,Ferdinande Medway,1838
616,Chiquia Gibbeson,1374
617,Thurston Hammor,3902
618,Virgie Gori,3670
619,Orren Ciobotaru,2143
620,Ruthanne Haskew,3060
621,Klara Chanson,2714
622,Korry Prickett,3563
623,Cara Boyse,1339
624,Sergei Graveney,3149
625,Pauletta McGall,1610
626,Loree Lumley,2617
627,Waldemar Hartnell,2699
628,Tom Nestor,2811
629,Dalton Farnaby,802
630,Paulina Mouncher,3275
631,Roseline Fortnon,3451
632,Phelia Gatesman,2976
633,Jessica Ricson,3882
634,Tybalt Tissell,3014
635,Dolores Brehaut,2440
636,Inez Fripps,2143
637,Caitrin Slidders,3667
638,Cathee Fuggle,1055
639,Rube MacGinney,3883
640,Alphonse Chaim,1002
641,Rooney Willans,3205
642,Lisetta Matelaitis,781
643,Yurik Baston,810
644,Adriano Spaughton,2803
645,Huey Schust,3851
646,Florri Eck,3913
647,Jeannie Chicco,3415
648,Fidole Semken,2050
649,Barty Colvie,2785
650,Murvyn Fullard,3388
651,Coleen Brotherheed,2020
652,Ferdinanda Bram,2253
653,Meridith Pringour,3581
654,Rosalyn Lardiner,2841
655,Danice Covotto,1200
656,Nap Benediktovich,1862
657,Noll Richin,3413
658,Tess Bridgement,846
659,Nert Whiteside,1811
660,Erna Wymer,2636
661,Bel Twohig,1181
662,Gerhardt O'Scanlan,1403
663,Fancie Mollene,729
664,Gustave Heeks,3728
665,Chastity Gilluley,1845
666,Carny Tuplin,1552
667,Costanza Rhoades,1828
668,Rodolphe Fielden,1801
669,Emile Cattermoul,3466
670,Emmie Hallward,1292
671,Westbrook Kenewel,2738
672,Alameda Thorwarth,1211
673,Gabrielle Juste,729
674,Rosco Scanlon,2905
675,Silvana Zorro,2079
676,Ruthy Gatch,1788
677,Morgen Lennard,3078
678,Cassey Castellaccio,2913
679,Adoree Munt,1398
680,Elysha Leidl,920
681,Aileen Mumberson,3649
682,Manon Fleetwood,2547
683,Delia Aubery,703
684,Stefano Klaggeman,2167
685,Fonzie Anstiss,2865
686,Marilin Jasiak,3645
687,Jacquelyn Roslen,3011
688,Betta Whetnall,2644
689,Alyse Popplewell,2074
690,Tucker Charville,2209
691,Shawna Ranson,3353
692,Carree Dibling,1297
693,Selie O'Hannigan,2803
694,Darya Grangier,1610
695,Demetre Rustadge,2866
696,Waverly Wetherick,1477
697,Spenser Swancott,2179
698,Ludovico Overstall,3911
699,Chico Knowler,1542
700,Augustina Espinoy,2733
701,Carny Pooly,3919
702,Marybelle McReynolds,1729
703,Guido Bushrod,2931
704,Kendal Dallaghan,2604
705,Sigfrid Edgworth,3900
706,Amii Baudain,1161
707,Opalina Dominicacci,3600
708,Wyndham Laneham,1970
709,Illa Burles,2168
710,Pebrook Dwyer,822
711,Camala Ickovicz,746
712,Robinett Kobierski,2197
713,Odey Sakins,2368
714,Teresina Crummay,2971
715,Ester Cassy,1773
716,Shaun Haldon,2188
717,Filberto Aslin,1939
718,Hernando Argente,1987
719,Gal Oblein,2366
720,Purcell Bagger,746
721,Fidelio Di Francesco,2567
722,Nicolette Cleworth,2457
723,Kristina Lob,2274
724,Yorker Carlone,3570
725,Flory Culross,3938
726,Mavis Burkert,3194
727,Fernandina Wathey,2412
728,Leodora MacAllan,1330
729,Rhetta Boaler,1758
730,Meagan Sapp,3777
731,Leonardo Nathon,2505
732,Nola Rubinovitch,3789
733,Ward Coaker,3882
734,Gideon Alred,1885
735,Irvine Emby,2375
736,Trenton Cruess,1578
737,Loy Patriskson,1425
738,Nadeen Barford,1696
739,Cicily Ruddoch,2761
740,Paten Peet,2872
741,Noel Kunat,2534
742,Virginie Sollett,3596
743,Isabella Fenne,3565
744,Leda Vynoll,2839
745,Catharina Durdy,2647
746,Allissa Stronge,3006
747,Allene McLernon,2899
748,Charlene Maidstone,2159
749,Allie Prebble,3070
750,Kennett Gurwood,3423
751,Ritchie Callicott,2508
752,Skippy McCrea,2025
753,Davida Belsham,3435
754,Dimitri Naseby,2743
755,Gavin Reily,3809
756,Noella Milkins,3405
757,Timmi Streetfield,3660
758,Penelope Lattin,1277
759,Zerk Younghusband,3949
760,Layney Abrahamoff,3078
761,Luz Mateuszczyk,2493
762,Selma Matresse,3084
763,Fransisco Deeks,1287
764,Bellanca Strickler,2955
765,Damita Zumbusch,781
766,Derry Deddum,1555
767,Fayina Allsobrook,3231
768,Saxe McArley,1025
769,Antons Welfare,2737
770,Ricki Baptie,3062
771,Mitchell Halliberton,3420
772,Burtie Collop,1525
773,Madelon Frankham,3020
774,Dirk MacCourt,874
775,Karen Gresser,1925
776,Jeramey Theuff,3128
777,Caresse Nieass,2656
778,Fairfax Dallosso,1761
779,Charmain Aland,2890
780,Boyd Pallister,1926
781,Demetrius Greeding,1091
782,Florence Carlesso,806
783,Torrin McElroy,1636
784,Marget Scamerden,1428
785,Janet Wisniowski,715
786,Palm Bryde,908
787,Tessa Rofe,3813
788,Cherry Rack,3699
789,Donny Castelyn,3675
790,Kellina Bengochea,2325
791,Dane Brokenshire,1688
792,Burty Ordish,3437
793,Rhonda Ordemann,2008
794,Vaughn Friday,876
795,Grata Harbert,2104
796,Torrey Paradin,3995
797,Sheffie Dee,2300
798,Cale MacAnellye,1898
799,Laural Noorwood,1916
800,Domenic Georgius,1054
801,Crosby Blanket,3138
802,Joseph Poltone,1151
803,Kenton Beden,3259
804,Nissa Rugieri,1791
805,Talia Hilling,741
806,Emmi Klimt,1845
807,Bryn Dobbing,3354
808,Madeline Inker,2644
809,Curran Brimicombe,3928
810,Cher Nutt,2522
811,Shirleen Allder,1594
812,Melody Puttock,2117
813,Sigvard Huxster,1751
814,Muriel Scales,743
815,Annmaria Kinsella,2915
816,Muffin Rundle,3209
817,Arin Boorn,2871
818,Staford Olivera,3270
819,Aeriela Josilowski,1336
820,Cecelia Radbourne,961
821,Arlena Skacel,1876
822,Silva Rozzell,1666
823,Averil Evins,983
824,Ricardo Schneidau,2092
825,Nata Philcock,3244
826,Hannie Airth,1300
827,Clemmy Krug,2760
828,Mano Hailes,908
829,Vilhelmina Sharland,1103
830,Malachi Cogswell,2727
831,Evangelia Yerrall,2384
832,Missy Terris,2901
833,Tilda Bendon,1503
834,Mala Emloch,2689
835,Gottfried Zamorano,923
836,Gerhard Chesworth,3206
837,Marney Winear,1168
838,Freddy Tippett,2792
839,Farrand Gaye,2594
840,Jessika Huband,2939
841,Guinevere Thornebarrow,3718
842,Alwyn Keston,2666
843,Cesaro Woollard,3836
844,Niven Abotson,1785
845,Harvey Lewsey,2519
846,Frances Westrip,1949
847,Devin Mapston,2094
848,Clarie Lygoe,3876
849,Hilton Euesden,954
850,Audry Muscat,2695
851,Lotta Gittins,1129
852,Rabbi Noads,1748
853,Willi Storres,2213
854,Deane McTurlough,3344
855,Lizbeth Fley,1269
856,Ernestine Scarlan,2641
857,Gawain Ricson,793
858,Derrek Penfold,2653
859,Gypsy Philbrick,2883
860,Mel Vlasin,1144
861,Rudyard Pancoust,2411
862,Donovan Whetson,3222
863,Curtis Sermin,1997
864,Linus Losbie,2180
865,Alane Windless,2650
866,Rozelle Hawyes,3486
867,Shea Sawart,1714
868,Purcell Shambrook,2891
869,Cal Kieran,1903
870,Skyler Spacie,2739
871,Dinnie Bryenton,3893
872,Roze Giorgielli,2826
873,Elizabeth Muskett,2168
874,Diandra Robertz,1175
875,Issiah Johnstone,798
876,Clarita Lamdin,2656
877,Normy Perse,1753
878,Orton Bullon,2707
879,Hester Worman,2277
880,Marie-ann Alesio,3725
881,Ki Succamore,3351
882,Jacky Janecki,1991
883,Bryn Kyle,1227
884,Sherwynd Kamall,2577
885,Elie Gamon,3787
886,Kenon Possek,1058
887,Celestia O' Mahony,2763
888,Mathilde Grassin,2671
889,Jordan Lazell,3559
890,Nonie Boole,2674
891,Thurstan Pembridge,2267
892,Sibel Lowman,3722
893,Eolanda Gouly,2636
894,Thurston Berkowitz,2364
895,Annecorinne Pack,2841
896,Pren Kirtland,3707
897,Derril Klosa,3887
898,Marti Loft,2835
899,Sibyl Deam,1080
900,Farrel Buston,1608
901,Kip Breukelman,1555
902,Adiana Eyre,3180
903,Hayden Favell,1573
904,Johnathon Sabathe,1744
905,Daloris Greger,2394
906,Daryn Absolon,1687
907,Yvette Dowe,2125
908,Alric Pharo,1217
909,Regan Raitt,705
910,Zahara Cassell,2115
911,Bryan Scragg,3921
912,Rahal Lampe,1350
913,Bernette Dukelow,3462
914,Engracia Sayles,3268
915,Irvine Mildner,2415
916,Lesli Fisbey,2014
917,Sharia Worman,2192
918,Brigham Sachno,1122
919,Truda Collar,1819
920,Eldredge Duiguid,2263
921,Warren Folan,917
922,Maury Ventum,1652
923,Averil Roels,3781
924,Giraud Glancy,3901
925,Missy Petroselli,1746
926,Bondon Thoumasson,3289
927,Herta Hurworth,1541
928,Viki McGuckin,1902
929,Marena Pachta,2954
930,Geoff Barhims,2889
931,Birch Letertre,3614
932,Tommy Diggell,2034
933,Merrielle Youhill,1855
934,Andra Hartman,2274
935,Malvina Beardshaw,2790
936,Rafi Digginson,2106
937,Robinett Roullier,923
938,Aloin Wanka,2671
939,Alastair Paschke,1751
940,Erroll Thamelt,2326
941,Latrina Haill,1810
942,Geri Boshell,2346
943,Gwenneth Hendonson,1053
944,Martha Rentelll,1398
945,Adelle O'Rourke,1033
946,Effie Colvie,2651
947,Ilysa Djurevic,3303
948,Gustave Hancorn,829
949,Ami Cyples,2429
950,Jonas Brawley,1459
951,Odille Ofen,984
952,Milton Ferby,1388
953,Aile Chardin,2508
954,Velvet Pitkaithly,3303
955,Gram Joutapavicius,3130
956,Ree Gilleon,1189
957,Billye De Ortega,3237
958,Cybil Lidgely,1085
959,Marylin Dracksford,864
960,Idette Dominetti,2409
961,Melly Gerrelt,1719
962,Dita Sannes,3894
963,Fionnula Penbarthy,3184
964,Sylvester Frediani,1267
965,Caroljean Towe,3179
966,Orton Josskoviz,3463
967,Timothee Gladstone,1346
968,Henrik Deguara,3836
969,Zorina Kaubisch,1127
970,Kermit Earie,2957
971,Shirline Dolder,1392
972,Dorene Castellani,2583
973,Sophia Eykelbosch,3978
974,Haleigh Blyde,2588
975,Carlie A'field,872
976,Sherie Baskett,1654
977,Liliane Schout,2061
978,Zebedee Onslow,1052
979,Shamus Ducker,2488
980,Vonnie Pigdon,715
981,Arty Timms,2141
982,Casar Haynesford,3889
983,Kathrine Thickins,2640
984,Cesaro Jurczyk,2300
985,Jasmine De Minico,1286
986,Donal Ruske,2194
987,Alverta Ilyushkin,3427
988,Valeda Jarred,1288
989,Darb Fitchett,1335
990,Sumner Boc,3195
991,Wyatt Hartopp,883
992,Golda Loosley,3467
993,Randa Ferronel,1497
994,Justine Buret,2414
995,Kristine Windmill,3432
996,Joannes Atcherley,2845
997,Darya Millar,2230
998,Hermine Denacamp,2777
999,Thurston Weadick,2752
1000,Ronica Ceeley,2363
